{"cameraMode":{"drawMode":0,"name":"Shaded","section":"Shading Mode"},"sceneLighting":true,"audioPlay":false,"sceneViewState":{"m_AlwaysRefresh":false,"showFog":false,"showSkybox":false,"showFlares":false,"showImageEffects":false,"showParticleSystems":false,"showVisualEffectGraphs":false,"m_FxEnabled":true},"in2DMode":false,"pivot":{"x":-1.8744632005691529,"y":1.0710077285766602,"z":-2.2883353233337404},"rotation":{"x":-0.011784740723669529,"y":0.18844550848007203,"z":-0.0022615226916968824,"w":-0.9820109009742737},"size":5.878265857696533,"orthographic":false}